{
	"-----FONTS-----": 0,
	"defaultFont": "Roboto-Regular.ttf", 
	"bigFont": "Luckiest Guy",
	"cardsFont": "", 
	"cardsFontOffsetY": 4,

	"-----MAIN COLORS-----": 0,
	"bgAppCF": "black",
	"fgColor": "white",
	"borderAppCF": "",
	"borderWidth": 0,
	"theme1Color": "#0F4F0F",
	"theme2Color": "#32AF32",
	"bgWidgetsColor": "",

	"-----MIN CLOSE RESIZE-----": 0,
	"bgTopButtonsColor": "black",
	"hoverTopButtonsColor": "",
	"buttonMinimizeFile": "minimize.png", 
	"buttonCloseFile": "close.png", 
	"buttonResizeFile": "resize.png",

	"-----TABS-----": 0,
	"bgTabsColor": "", 
	"hoverTabsColor": "", 
	"selectedTabsColor": "",
	"tabArenaFile": "arena.png", 
	"tabGamesFile": "games.png", 
	"tabHandFile": "hand.png", 
	"tabDeckFile": "deck.png",
	"tabEnemyDeckFile": "enemyDeck.png",
	"tabPlanFile": "plan.png",
	"tabConfigFile": "config.png", 
	"tabLogFile": "log.png",
	
	"-----DECK WINDOW-----": 0,
	"buttonNewDeckFile": "newDeck.png", 
	"buttonLoadDeckFile": "loadDeck.png", 
	"buttonSaveDeckFile": "saveDeck.png",
	"buttonRemoveDeckFile": "clearDeck.png", 
	"buttonRemoveFile": "remove64.png",
	"buttonMinFile": "minus64.png", 
	"buttonPlusFile": "plus64.png", 

	"unknownFile": "unknown.png",
	"starFile": "legendaryStar.png", 
	"manaLimitFile": "manaLimit.png", 
	"manaLimitBehind": false,

	"bgCard1File": "bgCard1.png", 
	"bgCard1DruidFile": "bgCard1Druid.png", 
	"bgCard1HunterFile": "bgCard1Hunter.png", 
	"bgCard1MageFile": "bgCard1Mage.png", 
	"bgCard1PaladinFile": "bgCard1Paladin.png", 
	"bgCard1PriestFile": "bgCard1Priest.png", 
	"bgCard1RogueFile": "bgCard1Rogue.png", 
	"bgCard1ShamanFile": "bgCard1Shaman.png", 
	"bgCard1WarlockFile": "bgCard1Warlock.png", 
	"bgCard1WarriorFile": "bgCard1Warrior.png", 

	"bgCard2File": "bgCard2.png", 
	"bgCard2DruidFile": "bgCard2Druid.png", 
	"bgCard2HunterFile": "bgCard2Hunter.png", 
	"bgCard2MageFile": "bgCard2Mage.png", 
	"bgCard2PaladinFile": "bgCard2Paladin.png", 
	"bgCard2PriestFile": "bgCard2Priest.png", 
	"bgCard2RogueFile": "bgCard2Rogue.png", 
	"bgCard2ShamanFile": "bgCard2Shaman.png", 
	"bgCard2WarlockFile": "bgCard2Warlock.png", 
	"bgCard2WarriorFile": "bgCard2Warrior.png", 

	"-----GAMES TAB-----": 0,
	"gamesOnZ2HColor": "",
	"buttonGamesReplayFile": "replay.png", 
	"buttonGamesWebFile": "web.png",

	"bgSelectedItemListColor": "",
	"fgSelectedItemListColor": "",

	"branchClosedFile": "branchClosed.png", 
	"branchOpenFile": "branchOpen.png",

	"coinFile": "coin.png", 
	"firstFile": "first.png",
	"loseFile": "lose.png", 
	"winFile": "win.png",

	"heroDruidFile": "heroDruid.png",
	"heroHunterFile": "heroHunter.png",
	"heroMageFile": "heroMage.png",
	"heroPaladinFile": "heroPaladin.png",
	"heroPriestFile": "heroPriest.png",
	"heroRogueFile": "heroRogue.png",
	"heroShamanFile": "heroShaman.png",
	"heroWarlockFile": "heroWarlock.png",
	"heroWarriorFile": "heroWarrior.png",

	"-----ENEMY HAND TAB-----": 0,
	"handCardFile": "handCard1.png", 
	"handCardBYFile": "handCard3.png", 
	"handCardBYUnknownFile": "handCard2.png",
	"bgTotalAttackFile": "bgTotalAttack.png",

	"-----REPLAY TAB-----": 0,
	"buttonPlanResizeFile": "planResize.png",
	"buttonPlanFirstFile": "planFirst.png", 
	"buttonPlanPrevFile": "planPrev.png", 
	"buttonPlanNextFile": "planNext.png", 
	"buttonPlanLastFile": "planLast.png", 
	"buttonPlanRefreshFile": "refresh.png",	

	"-----DRAFT-----": 0,
	"buttonDraftRefreshFile": "refresh.png",	
	"haBestFile": "haBest.png", 
	"haCloseFile": "haClose.png", 
	"haOpenFile": "haOpen.png",
	"lfBestFile": "lfBest.png", 
	"lfCloseFile": "lfClose.png", 
	"lfOpenFile": "lfOpen.png",

	"bgDraftMechanicsFile": "bgDraftMechanics.png",
	"bgDraftMechanicsHelpFile": "bgDraftMechanicsHelp.png",
	"fgDraftMechanicsColor": "black",
	"minionsCounterFile": "minionsCounter.png",
	"spellsCounterFile": "spellsCounter.png",
	"weaponsCounterFile": "weaponsCounter.png",
	"manaCounterFile": "manaCounter.png",
	"aoeMechanicFile": "aoeMechanic.png",
	"tauntMechanicFile": "tauntMechanic.png",
	"survivalMechanicFile": "restoreMechanic.png",
	"drawMechanicFile": "drawMechanic.png",
	"pingMechanicFile": "pingMechanic.png",
	"damageMechanicFile": "damageMechanic.png",
	"destroyMechanicFile": "destroyMechanic.png",
	"reachMechanicFile": "reachMechanic.png",
	"goldenMechanicFile": "goldenMechanic.png",

	"-----MENU LISTS-----": 0,
	"buttonForceDraftFile": "draft.png",
	"bgMenuColor": "",
	"fgMenuColor": "",
	"bgSelectedItemMenuColor": "",
	"fgSelectedItemMenuColor": "",

	"-----TOOLTIPS-----": 0,
	"bgTooltipColor": "", 
	"fgTooltipColor": "",
	"borderTooltipColor": "", 

	"-----PROGRESS BAR-----": 0,
	"bgProgressBarColor": "", 
	"fgProgressBarColor": "",
	"borderProgressBarColor": "",  
	"chunkProgressBarColor": "",

	"-----LOAD DECKS-----": 0,
	"bgDecksCF": "", 
	"borderDecksCF": "",
	"borderDecksWidth": 0,

	"-----DECK NAME LINE EDIT-----": 0,
	"bgLineEditColor": "", 
	"fgLineEditColor": "",
	"borderLineEditColor": "", 
	"bgSelectionLineEditColor": "", 
	"fgSelectionLineEditColor": ""	
}
