{
	"-----FONTS-----": 0,
	"defaultFont": "Aldrich.ttf",
	"bigFont": "Black Ops One.ttf",
	"cardsFont": "Belwe Bd BT.ttf",
	"cardsFontOffsetY": 0,

	"-----MAIN COLORS-----": 0,
	"bgAppCF": "background.png",
	"fgColor": "white",
	"borderAppCF": "silver",
	"borderWidth": 2,
	"theme1Color": "rgba(115,71,28,255)",
	"theme2Color": "rgba(252,210,55,255)",
	"bgWidgetsColor": "rgba(126,116,99,110)",

	"-----MIN CLOSE RESIZE-----": 0,
	"bgTopButtonsColor": "silver",
	"hoverTopButtonsColor": "white",
	"buttonMinimizeFile": "minimize.png",
	"buttonCloseFile": "close.png",
	"buttonResizeFile": "resize.png",

	"-----TABS-----": 0,
	"bgTabsColor": "",
	"hoverTabsColor": "",
	"selectedTabsColor": "",
	"tabArenaFile": "arena.png",
	"tabGamesFile": "games.png",
	"tabHandFile": "hand.png",
	"tabDeckFile": "deck.png",
	"tabEnemyDeckFile": "enemyDeck.png",
	"tabGraveyardFile": "graveyard.png",
	"tabPlanFile": "plan.png",
	"tabConfigFile": "config.png",
	"tabLogFile": "log.png",

	"-----DECK WINDOW-----": 0,
	"buttonNewDeckFile": "newDeck.png",
	"buttonLoadDeckFile": "loadDeck.png",
	"buttonSaveDeckFile": "saveDeck.png",
	"buttonRemoveDeckFile": "clearDeck.png",
	"buttonRemoveFile": "remove64.png",
	"buttonMinFile": "minus64.png",
	"buttonPlusFile": "plus64.png",

	"unknownFile": "unknown.png",
	"starFile": "legendaryStar.png",
	"manaLimitFile": "manaLimit.png",
	"manaLimitBehind": true,

	"bgCard1File": "bgCard1.png",
	"bgCard1DruidFile": "bgCard1Druid.png",
	"bgCard1DemonhunterFile": "bgCard1Demonhunter.png",
	"bgCard1HunterFile": "bgCard1Hunter.png",
	"bgCard1MageFile": "bgCard1Mage.png",
	"bgCard1PaladinFile": "bgCard1Paladin.png",
	"bgCard1PriestFile": "bgCard1Priest.png",
	"bgCard1RogueFile": "bgCard1Rogue.png",
	"bgCard1ShamanFile": "bgCard1Shaman.png",
	"bgCard1WarlockFile": "bgCard1Warlock.png",
	"bgCard1WarriorFile": "bgCard1Warrior.png",

	"bgCard2File": "bgCard2.png",
	"bgCard2DruidFile": "bgCard2Druid.png",
	"bgCard2DemonhunterFile": "bgCard2Demonhunter.png",
	"bgCard2HunterFile": "bgCard2Hunter.png",
	"bgCard2MageFile": "bgCard2Mage.png",
	"bgCard2PaladinFile": "bgCard2Paladin.png",
	"bgCard2PriestFile": "bgCard2Priest.png",
	"bgCard2RogueFile": "bgCard2Rogue.png",
	"bgCard2ShamanFile": "bgCard2Shaman.png",
	"bgCard2WarlockFile": "bgCard2Warlock.png",
	"bgCard2WarriorFile": "bgCard2Warrior.png",

	"-----GAMES TAB-----": 0,
	"gamesOnZ2HColor": "",
	"buttonGamesReplayFile": "replay.png",
	"buttonGamesWebFile": "web.png",
	"buttonGamesGuideFile": "userGuide.png",

	"bgSelectedItemListColor": "",
	"fgSelectedItemListColor": "",

	"branchClosedFile": "branchClosed.png",
	"branchOpenFile": "branchOpen.png",

	"coinFile": "coin.png",
	"firstFile": "first.png",
	"loseFile": "lose.png",
	"winFile": "win.png",

	"heroDruidFile": "heroDruid.png",
	"heroHunterFile": "heroHunter.png",
	"heroMageFile": "heroMage.png",
	"heroPaladinFile": "heroPaladin.png",
	"heroPriestFile": "heroPriest.png",
	"heroRogueFile": "heroRogue.png",
	"heroShamanFile": "heroShaman.png",
	"heroWarlockFile": "heroWarlock.png",
	"heroWarriorFile": "heroWarrior.png",
	"heroDemonhunterFile": "heroDemonhunter.png",

	"-----ENEMY HAND TAB-----": 0,
	"handCardFile": "handCard1.png",
	"handCardBYFile": "handCard3.png",
	"handCardBYFile2": "handCard4.png",
	"handCardBYUnknownFile": "handCard2.png",
	"bgTotalAttackFile": "bgTotalAttack.png",

	"-----GRAVEYARD TAB-----": 0,
	"buttonGraveyardPlayerFile": "graveyardPlayer.png",
	"buttonGraveyardEnemyFile": "graveyardEnemy.png",
  "buttonGraveyardMinionsFile": "minionsCounter.png",
  "buttonGraveyardWeaponsFile": "weaponsCounter.png",

	"-----REPLAY TAB-----": 0,
	"buttonPlanResizeFile": "planResize.png",
	"buttonPlanFirstFile": "planFirst.png",
	"buttonPlanPrevFile": "planPrev.png",
	"buttonPlanNextFile": "planNext.png",
	"buttonPlanLastFile": "planLast.png",
	"buttonPlanRefreshFile": "refresh.png",

	"-----DRAFT-----": 0,
	"buttonDraftRefreshFile": "refresh.png",
	"haBestFile": "haBest.png",
	"haCloseFile": "haClose.png",
	"haOpenFile": "haOpen.png",
	"haTextFile": "haText.png",
	"lfBestFile": "lfBest.png",
	"lfCloseFile": "lfClose.png",
	"lfOpenFile": "lfOpen.png",
	"lfTextFile": "lfText.png",
	"hsrBestFile": "hsrBest.png",
	"hsrCloseFile": "hsrClose.png",
	"hsrOpenFile": "hsrOpen.png",
	"hsrTextFile": "hsrText.png",
	"speedLavaFile": "speedLava.png",
	"speedCloseFile": "speedClose.png",
	"speedOpenFile": "speedOpen.png",
	"speedDWTextFile": "speedDWText.png",
	"speedTwitchTextFile": "speedTwitchText.png",

	"bgDraftMechanicsFile": "bgDraftMechanics.png",
	"bgDraftMechanicsHelpFile": "bgDraftMechanicsHelp.png",
	"bgDraftMechanicsHelpDropsFile": "bgDraftMechanicsHelpDrops.png",
	"fgDraftMechanicsColor": "black",
	"minionsCounterFile": "minionsCounter.png",
	"spellsCounterFile": "spellsCounter.png",
	"weaponsCounterFile": "weaponsCounter.png",
	"manaCounterFile": "manaCounter.png",
	"drop2CounterFile": "drop2Counter.png",
	"drop3CounterFile": "drop3Counter.png",
	"drop4CounterFile": "drop4Counter.png",
	"aoeMechanicFile": "aoeMechanic.png",
	"tauntMechanicFile": "tauntMechanic.png",
	"survivalMechanicFile": "restoreMechanic.png",
	"drawMechanicFile": "drawMechanic.png",
	"pingMechanicFile": "pingMechanic.png",
	"damageMechanicFile": "damageMechanic.png",
	"destroyMechanicFile": "destroyMechanic.png",
	"reachMechanicFile": "reachMechanic.png",

	"-----MENU LISTS-----": 0,
	"buttonForceDraftFile": "draft.png",
	"bgMenuColor": "",
	"fgMenuColor": "",
	"bgSelectedItemMenuColor": "",
	"fgSelectedItemMenuColor": "",

	"-----TOOLTIPS-----": 0,
	"bgTooltipColor": "",
	"fgTooltipColor": "",
	"borderTooltipColor": "",

	"-----PROGRESS BAR-----": 0,
	"bgProgressBarColor": "",
	"fgProgressBarColor": "",
	"borderProgressBarColor": "",
	"chunkProgressBarColor": "",

	"-----LOAD DECKS-----": 0,
	"bgDecksCF": "",
	"borderDecksCF": "silver",
	"borderDecksWidth": 2,

	"-----DECK NAME LINE EDIT-----": 0,
	"bgLineEditColor": "",
	"fgLineEditColor": "",
	"borderLineEditColor": "",
	"bgSelectionLineEditColor": "",
	"fgSelectionLineEditColor": ""
}
